year,data_type,source_index,destination_index,value
20182019,depot_location,1256,,
20182019,depot_location,1256,,
20182019,depot_location,1256,,
20182019,depot_location,1256,,
20182019,depot_location,1256,,
20182019,depot_location,1256,,
20182019,depot_location,1256,,
20182019,depot_location,1256,,
20182019,depot_location,1256,,
20182019,depot_location,1256,,
20182019,depot_location,1256,,
20182019,depot_location,1256,,
20182019,depot_location,1256,,
20182019,depot_location,1256,,
20182019,depot_location,1256,,
20182019,depot_location,1256,,
20182019,depot_location,1256,,
20182019,depot_location,1256,,
20182019,depot_location,1256,,
20182019,depot_location,1256,,
20182019,depot_location,1256,,
20182019,refinery_location,1465,,
20182019,refinery_location,1465,,
20182019,refinery_location,1465,,
20182019,refinery_location,1465,,
2018,biomass_forecast,0,,
2018,biomass_forecast,1,,
2018,biomass_forecast,2,,
2018,biomass_forecast,3,,
2018,biomass_forecast,4,,
2018,biomass_forecast,5,,
2018,biomass_forecast,6,,
2018,biomass_forecast,7,,
2018,biomass_forecast,8,,
2018,biomass_forecast,9,,
2018,biomass_forecast,10,,
2018,biomass_forecast,11,,
2018,biomass_forecast,12,,
2018,biomass_forecast,13,,
2018,biomass_forecast,14,,
2018,biomass_forecast,15,,
2018,biomass_forecast,16,,
2018,biomass_forecast,17,,
2018,biomass_forecast,18,,
2018,biomass_forecast,19,,
2018,biomass_forecast,20,,
2018,biomass_forecast,21,,
2018,biomass_forecast,22,,
2018,biomass_forecast,23,,
2018,biomass_forecast,24,,
2018,biomass_forecast,25,,
2018,biomass_forecast,26,,
2018,biomass_forecast,27,,
2018,biomass_forecast,28,,
2018,biomass_forecast,29,,
2018,biomass_forecast,30,,
2018,biomass_forecast,31,,
2018,biomass_forecast,32,,
2018,biomass_forecast,33,,
2018,biomass_forecast,34,,
2018,biomass_forecast,35,,
2018,biomass_forecast,36,,
2018,biomass_forecast,37,,
2018,biomass_forecast,38,,
2018,biomass_forecast,39,,
2018,biomass_forecast,40,,
2018,biomass_forecast,41,,
2018,biomass_forecast,42,,
2018,biomass_forecast,43,,
2018,biomass_forecast,44,,
2018,biomass_forecast,45,,
2018,biomass_forecast,46,,
2018,biomass_forecast,47,,
2018,biomass_forecast,48,,
2018,biomass_forecast,49,,
2018,biomass_forecast,50,,
2018,biomass_forecast,51,,
2018,biomass_forecast,52,,
2018,biomass_forecast,53,,
2018,biomass_forecast,54,,
2018,biomass_forecast,55,,
2018,biomass_forecast,56,,
2018,biomass_forecast,57,,
2018,biomass_forecast,58,,
2018,biomass_forecast,59,,
2018,biomass_forecast,60,,
2018,biomass_forecast,61,,
2018,biomass_forecast,62,,
2018,biomass_forecast,63,,
2018,biomass_forecast,64,,
2018,biomass_forecast,65,,
2018,biomass_forecast,66,,
2018,biomass_forecast,67,,
2018,biomass_forecast,68,,
2018,biomass_forecast,69,,
2018,biomass_forecast,70,,
2018,biomass_forecast,71,,
2018,biomass_forecast,72,,
2018,biomass_forecast,73,,
2018,biomass_forecast,74,,
2018,biomass_forecast,75,,
2018,biomass_forecast,76,,
2018,biomass_forecast,77,,
2018,biomass_forecast,78,,
2018,biomass_forecast,79,,
2018,biomass_forecast,80,,
2018,biomass_forecast,81,,
2018,biomass_forecast,82,,
2018,biomass_forecast,83,,
2018,biomass_forecast,84,,
2018,biomass_forecast,85,,
2018,biomass_forecast,86,,
2018,biomass_forecast,87,,
2018,biomass_forecast,88,,
2018,biomass_forecast,89,,
2018,biomass_forecast,90,,
2018,biomass_forecast,91,,
2018,biomass_forecast,92,,
2018,biomass_forecast,93,,
2018,biomass_forecast,94,,
2018,biomass_forecast,95,,
2018,biomass_forecast,96,,
2018,biomass_forecast,97,,
2018,biomass_forecast,98,,
2018,biomass_forecast,99,,
2018,biomass_forecast,100,,
2018,biomass_forecast,101,,
2018,biomass_forecast,102,,
2018,biomass_forecast,103,,
2018,biomass_forecast,104,,
2018,biomass_forecast,105,,
2018,biomass_forecast,106,,
2018,biomass_forecast,107,,
2018,biomass_forecast,108,,
2018,biomass_forecast,109,,
2018,biomass_forecast,110,,
2018,biomass_forecast,111,,
2018,biomass_forecast,112,,
2018,biomass_forecast,113,,
2018,biomass_forecast,114,,
2018,biomass_forecast,115,,
2018,biomass_forecast,116,,
2018,biomass_forecast,117,,
2018,biomass_forecast,118,,
2018,biomass_forecast,119,,
2018,biomass_forecast,120,,
2018,biomass_forecast,121,,
2018,biomass_forecast,122,,
2018,biomass_forecast,123,,
2018,biomass_forecast,124,,
2018,biomass_forecast,125,,
2018,biomass_forecast,126,,
2018,biomass_forecast,127,,
2018,biomass_forecast,128,,
2018,biomass_forecast,129,,
2018,biomass_forecast,130,,
2018,biomass_forecast,131,,
2018,biomass_forecast,132,,
2018,biomass_forecast,133,,
2018,biomass_forecast,134,,
2018,biomass_forecast,135,,
2018,biomass_forecast,136,,
2018,biomass_forecast,137,,
2018,biomass_forecast,138,,
2018,biomass_forecast,139,,
2018,biomass_forecast,140,,
2018,biomass_forecast,141,,
2018,biomass_forecast,142,,
2018,biomass_forecast,143,,
2018,biomass_forecast,144,,
2018,biomass_forecast,145,,
2018,biomass_forecast,146,,
2018,biomass_forecast,147,,
2018,biomass_forecast,148,,
2018,biomass_forecast,149,,
2018,biomass_forecast,150,,
2018,biomass_forecast,151,,
2018,biomass_forecast,152,,
2018,biomass_forecast,153,,
2018,biomass_forecast,154,,
2018,biomass_forecast,155,,
2018,biomass_forecast,156,,
2018,biomass_forecast,157,,
2018,biomass_forecast,158,,
2018,biomass_forecast,159,,
2018,biomass_forecast,160,,
2018,biomass_forecast,161,,
2018,biomass_forecast,162,,
2018,biomass_forecast,163,,
2018,biomass_forecast,164,,
2018,biomass_forecast,165,,
2018,biomass_forecast,166,,
2018,biomass_forecast,167,,
2018,biomass_forecast,168,,
2018,biomass_forecast,169,,
2018,biomass_forecast,170,,
2018,biomass_forecast,171,,
2018,biomass_forecast,172,,
2018,biomass_forecast,173,,
2018,biomass_forecast,174,,
2018,biomass_forecast,175,,
2018,biomass_forecast,176,,
2018,biomass_forecast,177,,
2018,biomass_forecast,178,,
2018,biomass_forecast,179,,
2018,biomass_forecast,180,,
2018,biomass_forecast,181,,
2018,biomass_forecast,182,,
2018,biomass_forecast,183,,
2018,biomass_forecast,184,,
2018,biomass_forecast,185,,
2018,biomass_forecast,186,,
2018,biomass_forecast,187,,
2018,biomass_forecast,188,,
2018,biomass_forecast,189,,
2018,biomass_forecast,190,,
2018,biomass_forecast,191,,
2018,biomass_forecast,192,,
2018,biomass_forecast,193,,
2018,biomass_forecast,194,,
2018,biomass_forecast,195,,
2018,biomass_forecast,196,,
2018,biomass_forecast,197,,
2018,biomass_forecast,198,,
2018,biomass_forecast,199,,
2018,biomass_forecast,200,,
2018,biomass_forecast,201,,
2018,biomass_forecast,202,,
2018,biomass_forecast,203,,
2018,biomass_forecast,204,,
2018,biomass_forecast,205,,
2018,biomass_forecast,206,,
2018,biomass_forecast,207,,
2018,biomass_forecast,208,,
2018,biomass_forecast,209,,
2018,biomass_forecast,210,,
2018,biomass_forecast,211,,
2018,biomass_forecast,212,,
2018,biomass_forecast,213,,
2018,biomass_forecast,214,,
2018,biomass_forecast,215,,
2018,biomass_forecast,216,,
2018,biomass_forecast,217,,
2018,biomass_forecast,218,,
2018,biomass_forecast,219,,
2018,biomass_forecast,220,,
2018,biomass_forecast,221,,
2018,biomass_forecast,222,,
2018,biomass_forecast,223,,
2018,biomass_forecast,224,,
2018,biomass_forecast,225,,
2018,biomass_forecast,226,,
2018,biomass_forecast,227,,
2018,biomass_forecast,228,,
2018,biomass_forecast,229,,
2018,biomass_forecast,230,,
2018,biomass_forecast,231,,
2018,biomass_forecast,232,,
2018,biomass_forecast,233,,
2018,biomass_forecast,234,,
2018,biomass_forecast,235,,
2018,biomass_forecast,236,,
2018,biomass_forecast,237,,
2018,biomass_forecast,238,,
2018,biomass_forecast,239,,
2018,biomass_forecast,240,,
2018,biomass_forecast,241,,
2018,biomass_forecast,242,,
2018,biomass_forecast,243,,
2018,biomass_forecast,244,,
2018,biomass_forecast,245,,
2018,biomass_forecast,246,,
2018,biomass_forecast,247,,
2018,biomass_forecast,248,,
2018,biomass_forecast,249,,
2018,biomass_forecast,250,,
2018,biomass_forecast,251,,
2018,biomass_forecast,252,,
2018,biomass_forecast,253,,
2018,biomass_forecast,254,,
2018,biomass_forecast,255,,
2018,biomass_forecast,256,,
2018,biomass_forecast,257,,
2018,biomass_forecast,258,,
2018,biomass_forecast,259,,
2018,biomass_forecast,260,,
2018,biomass_forecast,261,,
2018,biomass_forecast,262,,
2018,biomass_forecast,263,,
2018,biomass_forecast,264,,
2018,biomass_forecast,265,,
2018,biomass_forecast,266,,
2018,biomass_forecast,267,,
2018,biomass_forecast,268,,
2018,biomass_forecast,269,,
2018,biomass_forecast,270,,
2018,biomass_forecast,271,,
2018,biomass_forecast,272,,
2018,biomass_forecast,273,,
2018,biomass_forecast,274,,
2018,biomass_forecast,275,,
2018,biomass_forecast,276,,
2018,biomass_forecast,277,,
2018,biomass_forecast,278,,
2018,biomass_forecast,279,,
2018,biomass_forecast,280,,
2018,biomass_forecast,281,,
2018,biomass_forecast,282,,
2018,biomass_forecast,283,,
2018,biomass_forecast,284,,
2018,biomass_forecast,285,,
2018,biomass_forecast,286,,
2018,biomass_forecast,287,,
2018,biomass_forecast,288,,
2018,biomass_forecast,289,,
2018,biomass_forecast,290,,
2018,biomass_forecast,291,,
2018,biomass_forecast,292,,
2018,biomass_forecast,293,,
2018,biomass_forecast,294,,
2018,biomass_forecast,295,,
2018,biomass_forecast,296,,
2018,biomass_forecast,297,,
2018,biomass_forecast,298,,
2018,biomass_forecast,299,,
2018,biomass_forecast,300,,
2018,biomass_forecast,301,,
2018,biomass_forecast,302,,
2018,biomass_forecast,303,,
2018,biomass_forecast,304,,
2018,biomass_forecast,305,,
2018,biomass_forecast,306,,
2018,biomass_forecast,307,,
2018,biomass_forecast,308,,
2018,biomass_forecast,309,,
2018,biomass_forecast,310,,
2018,biomass_forecast,311,,
2018,biomass_forecast,312,,
2018,biomass_forecast,313,,
2018,biomass_forecast,314,,
2018,biomass_forecast,315,,
2018,biomass_forecast,316,,
2018,biomass_forecast,317,,
2018,biomass_forecast,318,,
2018,biomass_forecast,319,,
2018,biomass_forecast,320,,
2018,biomass_forecast,321,,
2018,biomass_forecast,322,,
2018,biomass_forecast,323,,
2018,biomass_forecast,324,,
2018,biomass_forecast,325,,
2018,biomass_forecast,326,,
2018,biomass_forecast,327,,
2018,biomass_forecast,328,,
2018,biomass_forecast,329,,
2018,biomass_forecast,330,,
2018,biomass_forecast,331,,
2018,biomass_forecast,332,,
2018,biomass_forecast,333,,
2018,biomass_forecast,334,,
2018,biomass_forecast,335,,
2018,biomass_forecast,336,,
2018,biomass_forecast,337,,
2018,biomass_forecast,338,,
2018,biomass_forecast,339,,
2018,biomass_forecast,340,,
2018,biomass_forecast,341,,
2018,biomass_forecast,342,,
2018,biomass_forecast,343,,
2018,biomass_forecast,344,,
2018,biomass_forecast,345,,
2018,biomass_forecast,346,,
2018,biomass_forecast,347,,
2018,biomass_forecast,348,,
2018,biomass_forecast,349,,
2018,biomass_forecast,350,,
2018,biomass_forecast,351,,
2018,biomass_forecast,352,,
2018,biomass_forecast,353,,
2018,biomass_forecast,354,,
2018,biomass_forecast,355,,
2018,biomass_forecast,356,,
2018,biomass_forecast,357,,
2018,biomass_forecast,358,,
2018,biomass_forecast,359,,
2018,biomass_forecast,360,,
2018,biomass_forecast,361,,
2018,biomass_forecast,362,,
2018,biomass_forecast,363,,
2018,biomass_forecast,364,,
2018,biomass_forecast,365,,
2018,biomass_forecast,366,,
2018,biomass_forecast,367,,
2018,biomass_forecast,368,,
2018,biomass_forecast,369,,
2018,biomass_forecast,370,,
2018,biomass_forecast,371,,
2018,biomass_forecast,372,,
2018,biomass_forecast,373,,
2018,biomass_forecast,374,,
2018,biomass_forecast,375,,
2018,biomass_forecast,376,,
2018,biomass_forecast,377,,
2018,biomass_forecast,378,,
2018,biomass_forecast,379,,
2018,biomass_forecast,380,,
2018,biomass_forecast,381,,
2018,biomass_forecast,382,,
2018,biomass_forecast,383,,
2018,biomass_forecast,384,,
2018,biomass_forecast,385,,
2018,biomass_forecast,386,,
2018,biomass_forecast,387,,
2018,biomass_forecast,388,,
2018,biomass_forecast,389,,
2018,biomass_forecast,390,,
2018,biomass_forecast,391,,
2018,biomass_forecast,392,,
2018,biomass_forecast,393,,
2018,biomass_forecast,394,,
2018,biomass_forecast,395,,
2018,biomass_forecast,396,,
2018,biomass_forecast,397,,
2018,biomass_forecast,398,,
2018,biomass_forecast,399,,
2018,biomass_forecast,400,,
2018,biomass_forecast,401,,
2018,biomass_forecast,402,,
2018,biomass_forecast,403,,
2018,biomass_forecast,404,,
2018,biomass_forecast,405,,
2018,biomass_forecast,406,,
2018,biomass_forecast,407,,
2018,biomass_forecast,408,,
2018,biomass_forecast,409,,
2018,biomass_forecast,410,,
2018,biomass_forecast,411,,
2018,biomass_forecast,412,,
2018,biomass_forecast,413,,
2018,biomass_forecast,414,,
2018,biomass_forecast,415,,
2018,biomass_forecast,416,,
2018,biomass_forecast,417,,
2018,biomass_forecast,418,,
2018,biomass_forecast,419,,
2018,biomass_forecast,420,,
2018,biomass_forecast,421,,
2018,biomass_forecast,422,,
2018,biomass_forecast,423,,
2018,biomass_forecast,424,,
2018,biomass_forecast,425,,
2018,biomass_forecast,426,,
2018,biomass_forecast,427,,
2018,biomass_forecast,428,,
2018,biomass_forecast,429,,
2018,biomass_forecast,430,,
2018,biomass_forecast,431,,
2018,biomass_forecast,432,,
2018,biomass_forecast,433,,
2018,biomass_forecast,434,,
2018,biomass_forecast,435,,
2018,biomass_forecast,436,,
2018,biomass_forecast,437,,
2018,biomass_forecast,438,,
2018,biomass_forecast,439,,
2018,biomass_forecast,440,,
2018,biomass_forecast,441,,
2018,biomass_forecast,442,,
2018,biomass_forecast,443,,
2018,biomass_forecast,444,,
2018,biomass_forecast,445,,
2018,biomass_forecast,446,,
2018,biomass_forecast,447,,
2018,biomass_forecast,448,,
2018,biomass_forecast,449,,
2018,biomass_forecast,450,,
2018,biomass_forecast,451,,
2018,biomass_forecast,452,,
2018,biomass_forecast,453,,
2018,biomass_forecast,454,,
2018,biomass_forecast,455,,
2018,biomass_forecast,456,,
2018,biomass_forecast,457,,
2018,biomass_forecast,458,,
2018,biomass_forecast,459,,
2018,biomass_forecast,460,,
2018,biomass_forecast,461,,
2018,biomass_forecast,462,,
2018,biomass_forecast,463,,
2018,biomass_forecast,464,,
2018,biomass_forecast,465,,
2018,biomass_forecast,466,,
2018,biomass_forecast,467,,
2018,biomass_forecast,468,,
2018,biomass_forecast,469,,
2018,biomass_forecast,470,,
2018,biomass_forecast,471,,
2018,biomass_forecast,472,,
2018,biomass_forecast,473,,
2018,biomass_forecast,474,,
2018,biomass_forecast,475,,
2018,biomass_forecast,476,,
2018,biomass_forecast,477,,
2018,biomass_forecast,478,,
2018,biomass_forecast,479,,
2018,biomass_forecast,480,,
2018,biomass_forecast,481,,
2018,biomass_forecast,482,,
2018,biomass_forecast,483,,
2018,biomass_forecast,484,,
2018,biomass_forecast,485,,
2018,biomass_forecast,486,,
2018,biomass_forecast,487,,
2018,biomass_forecast,488,,
2018,biomass_forecast,489,,
2018,biomass_forecast,490,,
2018,biomass_forecast,491,,
2018,biomass_forecast,492,,
2018,biomass_forecast,493,,
2018,biomass_forecast,494,,
2018,biomass_forecast,495,,
2018,biomass_forecast,496,,
2018,biomass_forecast,497,,
2018,biomass_forecast,498,,
2018,biomass_forecast,499,,
2018,biomass_forecast,500,,
2018,biomass_forecast,501,,
2018,biomass_forecast,502,,
2018,biomass_forecast,503,,
2018,biomass_forecast,504,,
2018,biomass_forecast,505,,
2018,biomass_forecast,506,,
2018,biomass_forecast,507,,
2018,biomass_forecast,508,,
2018,biomass_forecast,509,,
2018,biomass_forecast,510,,
2018,biomass_forecast,511,,
2018,biomass_forecast,512,,
2018,biomass_forecast,513,,
2018,biomass_forecast,514,,
2018,biomass_forecast,515,,
2018,biomass_forecast,516,,
2018,biomass_forecast,517,,
2018,biomass_forecast,518,,
2018,biomass_forecast,519,,
2018,biomass_forecast,520,,
2018,biomass_forecast,521,,
2018,biomass_forecast,522,,
2018,biomass_forecast,523,,
2018,biomass_forecast,524,,
2018,biomass_forecast,525,,
2018,biomass_forecast,526,,
2018,biomass_forecast,527,,
2018,biomass_forecast,528,,
2018,biomass_forecast,529,,
2018,biomass_forecast,530,,
2018,biomass_forecast,531,,
2018,biomass_forecast,532,,
2018,biomass_forecast,533,,
2018,biomass_forecast,534,,
2018,biomass_forecast,535,,
2018,biomass_forecast,536,,
2018,biomass_forecast,537,,
2018,biomass_forecast,538,,
2018,biomass_forecast,539,,
2018,biomass_forecast,540,,
2018,biomass_forecast,541,,
2018,biomass_forecast,542,,
2018,biomass_forecast,543,,
2018,biomass_forecast,544,,
2018,biomass_forecast,545,,
2018,biomass_forecast,546,,
2018,biomass_forecast,547,,
2018,biomass_forecast,548,,
2018,biomass_forecast,549,,
2018,biomass_forecast,550,,
2018,biomass_forecast,551,,
2018,biomass_forecast,552,,
2018,biomass_forecast,553,,
2018,biomass_forecast,554,,
2018,biomass_forecast,555,,
2018,biomass_forecast,556,,
2018,biomass_forecast,557,,
2018,biomass_forecast,558,,
2018,biomass_forecast,559,,
2018,biomass_forecast,560,,
2018,biomass_forecast,561,,
2018,biomass_forecast,562,,
2018,biomass_forecast,563,,
2018,biomass_forecast,564,,
2018,biomass_forecast,565,,
2018,biomass_forecast,566,,
2018,biomass_forecast,567,,
2018,biomass_forecast,568,,
2018,biomass_forecast,569,,
2018,biomass_forecast,570,,
2018,biomass_forecast,571,,
2018,biomass_forecast,572,,
2018,biomass_forecast,573,,
2018,biomass_forecast,574,,
2018,biomass_forecast,575,,
2018,biomass_forecast,576,,
2018,biomass_forecast,577,,
2018,biomass_forecast,578,,
2018,biomass_forecast,579,,
2018,biomass_forecast,580,,
2018,biomass_forecast,581,,
2018,biomass_forecast,582,,
2018,biomass_forecast,583,,
2018,biomass_forecast,584,,
2018,biomass_forecast,585,,
2018,biomass_forecast,586,,
2018,biomass_forecast,587,,
2018,biomass_forecast,588,,
2018,biomass_forecast,589,,
2018,biomass_forecast,590,,
2018,biomass_forecast,591,,
2018,biomass_forecast,592,,
2018,biomass_forecast,593,,
2018,biomass_forecast,594,,
2018,biomass_forecast,595,,
2018,biomass_forecast,596,,
2018,biomass_forecast,597,,
2018,biomass_forecast,598,,
2018,biomass_forecast,599,,
2018,biomass_forecast,600,,
2018,biomass_forecast,601,,
2018,biomass_forecast,602,,
2018,biomass_forecast,603,,
2018,biomass_forecast,604,,
2018,biomass_forecast,605,,
2018,biomass_forecast,606,,
2018,biomass_forecast,607,,
2018,biomass_forecast,608,,
2018,biomass_forecast,609,,
2018,biomass_forecast,610,,
2018,biomass_forecast,611,,
2018,biomass_forecast,612,,
2018,biomass_forecast,613,,
2018,biomass_forecast,614,,
2018,biomass_forecast,615,,
2018,biomass_forecast,616,,
2018,biomass_forecast,617,,
2018,biomass_forecast,618,,
2018,biomass_forecast,619,,
2018,biomass_forecast,620,,
2018,biomass_forecast,621,,
2018,biomass_forecast,622,,
2018,biomass_forecast,623,,
2018,biomass_forecast,624,,
2018,biomass_forecast,625,,
2018,biomass_forecast,626,,
2018,biomass_forecast,627,,
2018,biomass_forecast,628,,
2018,biomass_forecast,629,,
2018,biomass_forecast,630,,
2018,biomass_forecast,631,,
2018,biomass_forecast,632,,
2018,biomass_forecast,633,,
2018,biomass_forecast,634,,
2018,biomass_forecast,635,,
2018,biomass_forecast,636,,
2018,biomass_forecast,637,,
2018,biomass_forecast,638,,
2018,biomass_forecast,639,,
2018,biomass_forecast,640,,
2018,biomass_forecast,641,,
2018,biomass_forecast,642,,
2018,biomass_forecast,643,,
2018,biomass_forecast,644,,
2018,biomass_forecast,645,,
2018,biomass_forecast,646,,
2018,biomass_forecast,647,,
2018,biomass_forecast,648,,
2018,biomass_forecast,649,,
2018,biomass_forecast,650,,
2018,biomass_forecast,651,,
2018,biomass_forecast,652,,
2018,biomass_forecast,653,,
2018,biomass_forecast,654,,
2018,biomass_forecast,655,,
2018,biomass_forecast,656,,
2018,biomass_forecast,657,,
2018,biomass_forecast,658,,
2018,biomass_forecast,659,,
2018,biomass_forecast,660,,
2018,biomass_forecast,661,,
2018,biomass_forecast,662,,
2018,biomass_forecast,663,,
2018,biomass_forecast,664,,
2018,biomass_forecast,665,,
2018,biomass_forecast,666,,
2018,biomass_forecast,667,,
2018,biomass_forecast,668,,
2018,biomass_forecast,669,,
2018,biomass_forecast,670,,
2018,biomass_forecast,671,,
2018,biomass_forecast,672,,
2018,biomass_forecast,673,,
2018,biomass_forecast,674,,
2018,biomass_forecast,675,,
2018,biomass_forecast,676,,
2018,biomass_forecast,677,,
2018,biomass_forecast,678,,
2018,biomass_forecast,679,,
2018,biomass_forecast,680,,
2018,biomass_forecast,681,,
2018,biomass_forecast,682,,
2018,biomass_forecast,683,,
2018,biomass_forecast,684,,
2018,biomass_forecast,685,,
2018,biomass_forecast,686,,
2018,biomass_forecast,687,,
2018,biomass_forecast,688,,
2018,biomass_forecast,689,,
2018,biomass_forecast,690,,
2018,biomass_forecast,691,,
2018,biomass_forecast,692,,
2018,biomass_forecast,693,,
2018,biomass_forecast,694,,
2018,biomass_forecast,695,,
2018,biomass_forecast,696,,
2018,biomass_forecast,697,,
2018,biomass_forecast,698,,
2018,biomass_forecast,699,,
2018,biomass_forecast,700,,
2018,biomass_forecast,701,,
2018,biomass_forecast,702,,
2018,biomass_forecast,703,,
2018,biomass_forecast,704,,
2018,biomass_forecast,705,,
2018,biomass_forecast,706,,
2018,biomass_forecast,707,,
2018,biomass_forecast,708,,
2018,biomass_forecast,709,,
2018,biomass_forecast,710,,
2018,biomass_forecast,711,,
2018,biomass_forecast,712,,
2018,biomass_forecast,713,,
2018,biomass_forecast,714,,
2018,biomass_forecast,715,,
2018,biomass_forecast,716,,
2018,biomass_forecast,717,,
2018,biomass_forecast,718,,
2018,biomass_forecast,719,,
2018,biomass_forecast,720,,
2018,biomass_forecast,721,,
2018,biomass_forecast,722,,
2018,biomass_forecast,723,,
2018,biomass_forecast,724,,
2018,biomass_forecast,725,,
2018,biomass_forecast,726,,
2018,biomass_forecast,727,,
2018,biomass_forecast,728,,
2018,biomass_forecast,729,,
2018,biomass_forecast,730,,
2018,biomass_forecast,731,,
2018,biomass_forecast,732,,
2018,biomass_forecast,733,,
2018,biomass_forecast,734,,
2018,biomass_forecast,735,,
2018,biomass_forecast,736,,
2018,biomass_forecast,737,,
2018,biomass_forecast,738,,
2018,biomass_forecast,739,,
2018,biomass_forecast,740,,
2018,biomass_forecast,741,,
2018,biomass_forecast,742,,
2018,biomass_forecast,743,,
2018,biomass_forecast,744,,
2018,biomass_forecast,745,,
2018,biomass_forecast,746,,
2018,biomass_forecast,747,,
2018,biomass_forecast,748,,
2018,biomass_forecast,749,,
2018,biomass_forecast,750,,
2018,biomass_forecast,751,,
2018,biomass_forecast,752,,
2018,biomass_forecast,753,,
2018,biomass_forecast,754,,
2018,biomass_forecast,755,,
2018,biomass_forecast,756,,
2018,biomass_forecast,757,,
2018,biomass_forecast,758,,
2018,biomass_forecast,759,,
2018,biomass_forecast,760,,
2018,biomass_forecast,761,,
2018,biomass_forecast,762,,
2018,biomass_forecast,763,,
2018,biomass_forecast,764,,
2018,biomass_forecast,765,,
2018,biomass_forecast,766,,
2018,biomass_forecast,767,,
2018,biomass_forecast,768,,
2018,biomass_forecast,769,,
2018,biomass_forecast,770,,
2018,biomass_forecast,771,,
2018,biomass_forecast,772,,
2018,biomass_forecast,773,,
2018,biomass_forecast,774,,
2018,biomass_forecast,775,,
2018,biomass_forecast,776,,
2018,biomass_forecast,777,,
2018,biomass_forecast,778,,
2018,biomass_forecast,779,,
2018,biomass_forecast,780,,
2018,biomass_forecast,781,,
2018,biomass_forecast,782,,
2018,biomass_forecast,783,,
2018,biomass_forecast,784,,
2018,biomass_forecast,785,,
2018,biomass_forecast,786,,
2018,biomass_forecast,787,,
2018,biomass_forecast,788,,
2018,biomass_forecast,789,,
2018,biomass_forecast,790,,
2018,biomass_forecast,791,,
2018,biomass_forecast,792,,
2018,biomass_forecast,793,,
2018,biomass_forecast,794,,
2018,biomass_forecast,795,,
2018,biomass_forecast,796,,
2018,biomass_forecast,797,,
2018,biomass_forecast,798,,
2018,biomass_forecast,799,,
2018,biomass_forecast,800,,
2018,biomass_forecast,801,,
2018,biomass_forecast,802,,
2018,biomass_forecast,803,,
2018,biomass_forecast,804,,
2018,biomass_forecast,805,,
2018,biomass_forecast,806,,
2018,biomass_forecast,807,,
2018,biomass_forecast,808,,
2018,biomass_forecast,809,,
2018,biomass_forecast,810,,
2018,biomass_forecast,811,,
2018,biomass_forecast,812,,
2018,biomass_forecast,813,,
2018,biomass_forecast,814,,
2018,biomass_forecast,815,,
2018,biomass_forecast,816,,
2018,biomass_forecast,817,,
2018,biomass_forecast,818,,
2018,biomass_forecast,819,,
2018,biomass_forecast,820,,
2018,biomass_forecast,821,,
2018,biomass_forecast,822,,
2018,biomass_forecast,823,,
2018,biomass_forecast,824,,
2018,biomass_forecast,825,,
2018,biomass_forecast,826,,
2018,biomass_forecast,827,,
2018,biomass_forecast,828,,
2018,biomass_forecast,829,,
2018,biomass_forecast,830,,
2018,biomass_forecast,831,,
2018,biomass_forecast,832,,
2018,biomass_forecast,833,,
2018,biomass_forecast,834,,
2018,biomass_forecast,835,,
2018,biomass_forecast,836,,
2018,biomass_forecast,837,,
2018,biomass_forecast,838,,
2018,biomass_forecast,839,,
2018,biomass_forecast,840,,
2018,biomass_forecast,841,,
2018,biomass_forecast,842,,
2018,biomass_forecast,843,,
2018,biomass_forecast,844,,
2018,biomass_forecast,845,,
2018,biomass_forecast,846,,
2018,biomass_forecast,847,,
2018,biomass_forecast,848,,
2018,biomass_forecast,849,,
2018,biomass_forecast,850,,
2018,biomass_forecast,851,,
2018,biomass_forecast,852,,
2018,biomass_forecast,853,,
2018,biomass_forecast,854,,
2018,biomass_forecast,855,,
2018,biomass_forecast,856,,
2018,biomass_forecast,857,,
2018,biomass_forecast,858,,
2018,biomass_forecast,859,,
2018,biomass_forecast,860,,
2018,biomass_forecast,861,,
2018,biomass_forecast,862,,
2018,biomass_forecast,863,,
2018,biomass_forecast,864,,
2018,biomass_forecast,865,,
2018,biomass_forecast,866,,
2018,biomass_forecast,867,,
2018,biomass_forecast,868,,
2018,biomass_forecast,869,,
2018,biomass_forecast,870,,
2018,biomass_forecast,871,,
2018,biomass_forecast,872,,
2018,biomass_forecast,873,,
2018,biomass_forecast,874,,
2018,biomass_forecast,875,,
2018,biomass_forecast,876,,
2018,biomass_forecast,877,,
2018,biomass_forecast,878,,
2018,biomass_forecast,879,,
2018,biomass_forecast,880,,
2018,biomass_forecast,881,,
2018,biomass_forecast,882,,
2018,biomass_forecast,883,,
2018,biomass_forecast,884,,
2018,biomass_forecast,885,,
2018,biomass_forecast,886,,
2018,biomass_forecast,887,,
2018,biomass_forecast,888,,
2018,biomass_forecast,889,,
2018,biomass_forecast,890,,
2018,biomass_forecast,891,,
2018,biomass_forecast,892,,
2018,biomass_forecast,893,,
2018,biomass_forecast,894,,
2018,biomass_forecast,895,,
2018,biomass_forecast,896,,
2018,biomass_forecast,897,,
2018,biomass_forecast,898,,
2018,biomass_forecast,899,,
2018,biomass_forecast,900,,
2018,biomass_forecast,901,,
2018,biomass_forecast,902,,
2018,biomass_forecast,903,,
2018,biomass_forecast,904,,
2018,biomass_forecast,905,,
2018,biomass_forecast,906,,
2018,biomass_forecast,907,,
2018,biomass_forecast,908,,
2018,biomass_forecast,909,,
2018,biomass_forecast,910,,
2018,biomass_forecast,911,,
2018,biomass_forecast,912,,
2018,biomass_forecast,913,,
2018,biomass_forecast,914,,
2018,biomass_forecast,915,,
2018,biomass_forecast,916,,
2018,biomass_forecast,917,,
2018,biomass_forecast,918,,
2018,biomass_forecast,919,,
2018,biomass_forecast,920,,
2018,biomass_forecast,921,,
2018,biomass_forecast,922,,
2018,biomass_forecast,923,,
2018,biomass_forecast,924,,
2018,biomass_forecast,925,,
2018,biomass_forecast,926,,
2018,biomass_forecast,927,,
2018,biomass_forecast,928,,
2018,biomass_forecast,929,,
2018,biomass_forecast,930,,
2018,biomass_forecast,931,,
2018,biomass_forecast,932,,
2018,biomass_forecast,933,,
2018,biomass_forecast,934,,
2018,biomass_forecast,935,,
2018,biomass_forecast,936,,
2018,biomass_forecast,937,,
2018,biomass_forecast,938,,
2018,biomass_forecast,939,,
2018,biomass_forecast,940,,
2018,biomass_forecast,941,,
2018,biomass_forecast,942,,
2018,biomass_forecast,943,,
2018,biomass_forecast,944,,
2018,biomass_forecast,945,,
2018,biomass_forecast,946,,
2018,biomass_forecast,947,,
2018,biomass_forecast,948,,
2018,biomass_forecast,949,,
2018,biomass_forecast,950,,
2018,biomass_forecast,951,,
2018,biomass_forecast,952,,
2018,biomass_forecast,953,,
2018,biomass_forecast,954,,
2018,biomass_forecast,955,,
2018,biomass_forecast,956,,
2018,biomass_forecast,957,,
2018,biomass_forecast,958,,
2018,biomass_forecast,959,,
2018,biomass_forecast,960,,
2018,biomass_forecast,961,,
2018,biomass_forecast,962,,
2018,biomass_forecast,963,,
2018,biomass_forecast,964,,
2018,biomass_forecast,965,,
2018,biomass_forecast,966,,
2018,biomass_forecast,967,,
2018,biomass_forecast,968,,
2018,biomass_forecast,969,,
2018,biomass_forecast,970,,
2018,biomass_forecast,971,,
2018,biomass_forecast,972,,
2018,biomass_forecast,973,,
2018,biomass_forecast,974,,
2018,biomass_forecast,975,,
2018,biomass_forecast,976,,
2018,biomass_forecast,977,,
2018,biomass_forecast,978,,
2018,biomass_forecast,979,,
2018,biomass_forecast,980,,
2018,biomass_forecast,981,,
2018,biomass_forecast,982,,
2018,biomass_forecast,983,,
2018,biomass_forecast,984,,
2018,biomass_forecast,985,,
2018,biomass_forecast,986,,
2018,biomass_forecast,987,,
2018,biomass_forecast,988,,
2018,biomass_forecast,989,,
2018,biomass_forecast,990,,
2018,biomass_forecast,991,,
2018,biomass_forecast,992,,
2018,biomass_forecast,993,,
2018,biomass_forecast,994,,
2018,biomass_forecast,995,,
2018,biomass_forecast,996,,
2018,biomass_forecast,997,,
2018,biomass_forecast,998,,
2018,biomass_forecast,999,,
2018,biomass_forecast,1000,,
2018,biomass_forecast,1001,,
2018,biomass_forecast,1002,,
2018,biomass_forecast,1003,,
2018,biomass_forecast,1004,,
2018,biomass_forecast,1005,,
2018,biomass_forecast,1006,,
2018,biomass_forecast,1007,,
2018,biomass_forecast,1008,,
2018,biomass_forecast,1009,,
2018,biomass_forecast,1010,,
2018,biomass_forecast,1011,,
2018,biomass_forecast,1012,,
2018,biomass_forecast,1013,,
2018,biomass_forecast,1014,,
2018,biomass_forecast,1015,,
2018,biomass_forecast,1016,,
2018,biomass_forecast,1017,,
2018,biomass_forecast,1018,,
2018,biomass_forecast,1019,,
2018,biomass_forecast,1020,,
2018,biomass_forecast,1021,,
2018,biomass_forecast,1022,,
2018,biomass_forecast,1023,,
2018,biomass_forecast,1024,,
2018,biomass_forecast,1025,,
2018,biomass_forecast,1026,,
2018,biomass_forecast,1027,,
2018,biomass_forecast,1028,,
2018,biomass_forecast,1029,,
2018,biomass_forecast,1030,,
2018,biomass_forecast,1031,,
2018,biomass_forecast,1032,,
2018,biomass_forecast,1033,,
2018,biomass_forecast,1034,,
2018,biomass_forecast,1035,,
2018,biomass_forecast,1036,,
2018,biomass_forecast,1037,,
2018,biomass_forecast,1038,,
2018,biomass_forecast,1039,,
2018,biomass_forecast,1040,,
2018,biomass_forecast,1041,,
2018,biomass_forecast,1042,,
2018,biomass_forecast,1043,,
2018,biomass_forecast,1044,,
2018,biomass_forecast,1045,,
2018,biomass_forecast,1046,,
2018,biomass_forecast,1047,,
2018,biomass_forecast,1048,,
2018,biomass_forecast,1049,,
2018,biomass_forecast,1050,,
2018,biomass_forecast,1051,,
2018,biomass_forecast,1052,,
2018,biomass_forecast,1053,,
2018,biomass_forecast,1054,,
2018,biomass_forecast,1055,,
2018,biomass_forecast,1056,,
2018,biomass_forecast,1057,,
2018,biomass_forecast,1058,,
2018,biomass_forecast,1059,,
2018,biomass_forecast,1060,,
2018,biomass_forecast,1061,,
2018,biomass_forecast,1062,,
2018,biomass_forecast,1063,,
2018,biomass_forecast,1064,,
2018,biomass_forecast,1065,,
2018,biomass_forecast,1066,,
2018,biomass_forecast,1067,,
2018,biomass_forecast,1068,,
2018,biomass_forecast,1069,,
2018,biomass_forecast,1070,,
2018,biomass_forecast,1071,,
2018,biomass_forecast,1072,,
2018,biomass_forecast,1073,,
2018,biomass_forecast,1074,,
2018,biomass_forecast,1075,,
2018,biomass_forecast,1076,,
2018,biomass_forecast,1077,,
2018,biomass_forecast,1078,,
2018,biomass_forecast,1079,,
2018,biomass_forecast,1080,,
2018,biomass_forecast,1081,,
2018,biomass_forecast,1082,,
2018,biomass_forecast,1083,,
2018,biomass_forecast,1084,,
2018,biomass_forecast,1085,,
2018,biomass_forecast,1086,,
2018,biomass_forecast,1087,,
2018,biomass_forecast,1088,,
2018,biomass_forecast,1089,,
2018,biomass_forecast,1090,,
2018,biomass_forecast,1091,,
2018,biomass_forecast,1092,,
2018,biomass_forecast,1093,,
2018,biomass_forecast,1094,,
2018,biomass_forecast,1095,,
2018,biomass_forecast,1096,,
2018,biomass_forecast,1097,,
2018,biomass_forecast,1098,,
2018,biomass_forecast,1099,,
2018,biomass_forecast,1100,,
2018,biomass_forecast,1101,,
2018,biomass_forecast,1102,,
2018,biomass_forecast,1103,,
2018,biomass_forecast,1104,,
2018,biomass_forecast,1105,,
2018,biomass_forecast,1106,,
2018,biomass_forecast,1107,,
2018,biomass_forecast,1108,,
2018,biomass_forecast,1109,,
2018,biomass_forecast,1110,,
2018,biomass_forecast,1111,,
2018,biomass_forecast,1112,,
2018,biomass_forecast,1113,,
2018,biomass_forecast,1114,,
2018,biomass_forecast,1115,,
2018,biomass_forecast,1116,,
2018,biomass_forecast,1117,,
2018,biomass_forecast,1118,,
2018,biomass_forecast,1119,,
2018,biomass_forecast,1120,,
2018,biomass_forecast,1121,,
2018,biomass_forecast,1122,,
2018,biomass_forecast,1123,,
2018,biomass_forecast,1124,,
2018,biomass_forecast,1125,,
2018,biomass_forecast,1126,,
2018,biomass_forecast,1127,,
2018,biomass_forecast,1128,,
2018,biomass_forecast,1129,,
2018,biomass_forecast,1130,,
2018,biomass_forecast,1131,,
2018,biomass_forecast,1132,,
2018,biomass_forecast,1133,,
2018,biomass_forecast,1134,,
2018,biomass_forecast,1135,,
2018,biomass_forecast,1136,,
2018,biomass_forecast,1137,,
2018,biomass_forecast,1138,,
2018,biomass_forecast,1139,,
2018,biomass_forecast,1140,,
2018,biomass_forecast,1141,,
2018,biomass_forecast,1142,,
2018,biomass_forecast,1143,,
2018,biomass_forecast,1144,,
2018,biomass_forecast,1145,,
2018,biomass_forecast,1146,,
2018,biomass_forecast,1147,,
2018,biomass_forecast,1148,,
2018,biomass_forecast,1149,,
2018,biomass_forecast,1150,,
2018,biomass_forecast,1151,,
2018,biomass_forecast,1152,,
2018,biomass_forecast,1153,,
2018,biomass_forecast,1154,,
2018,biomass_forecast,1155,,
2018,biomass_forecast,1156,,
2018,biomass_forecast,1157,,
2018,biomass_forecast,1158,,
2018,biomass_forecast,1159,,
2018,biomass_forecast,1160,,
2018,biomass_forecast,1161,,
2018,biomass_forecast,1162,,
2018,biomass_forecast,1163,,
2018,biomass_forecast,1164,,
2018,biomass_forecast,1165,,
2018,biomass_forecast,1166,,
2018,biomass_forecast,1167,,
2018,biomass_forecast,1168,,
2018,biomass_forecast,1169,,
2018,biomass_forecast,1170,,
2018,biomass_forecast,1171,,
2018,biomass_forecast,1172,,
2018,biomass_forecast,1173,,
2018,biomass_forecast,1174,,
2018,biomass_forecast,1175,,
2018,biomass_forecast,1176,,
2018,biomass_forecast,1177,,
2018,biomass_forecast,1178,,
2018,biomass_forecast,1179,,
2018,biomass_forecast,1180,,
2018,biomass_forecast,1181,,
2018,biomass_forecast,1182,,
2018,biomass_forecast,1183,,
2018,biomass_forecast,1184,,
2018,biomass_forecast,1185,,
2018,biomass_forecast,1186,,
2018,biomass_forecast,1187,,
2018,biomass_forecast,1188,,
2018,biomass_forecast,1189,,
2018,biomass_forecast,1190,,
2018,biomass_forecast,1191,,
2018,biomass_forecast,1192,,
2018,biomass_forecast,1193,,
2018,biomass_forecast,1194,,
2018,biomass_forecast,1195,,
2018,biomass_forecast,1196,,
2018,biomass_forecast,1197,,
2018,biomass_forecast,1198,,
2018,biomass_forecast,1199,,
2018,biomass_forecast,1200,,
2018,biomass_forecast,1201,,
2018,biomass_forecast,1202,,
2018,biomass_forecast,1203,,
2018,biomass_forecast,1204,,
2018,biomass_forecast,1205,,
2018,biomass_forecast,1206,,
2018,biomass_forecast,1207,,
2018,biomass_forecast,1208,,
2018,biomass_forecast,1209,,
2018,biomass_forecast,1210,,
2018,biomass_forecast,1211,,
2018,biomass_forecast,1212,,
2018,biomass_forecast,1213,,
2018,biomass_forecast,1214,,
2018,biomass_forecast,1215,,
2018,biomass_forecast,1216,,
2018,biomass_forecast,1217,,
2018,biomass_forecast,1218,,
2018,biomass_forecast,1219,,
2018,biomass_forecast,1220,,
2018,biomass_forecast,1221,,
2018,biomass_forecast,1222,,
2018,biomass_forecast,1223,,
2018,biomass_forecast,1224,,
2018,biomass_forecast,1225,,
2018,biomass_forecast,1226,,
2018,biomass_forecast,1227,,
2018,biomass_forecast,1228,,
2018,biomass_forecast,1229,,
2018,biomass_forecast,1230,,
2018,biomass_forecast,1231,,
2018,biomass_forecast,1232,,
2018,biomass_forecast,1233,,
2018,biomass_forecast,1234,,
2018,biomass_forecast,1235,,
2018,biomass_forecast,1236,,
2018,biomass_forecast,1237,,
2018,biomass_forecast,1238,,
2018,biomass_forecast,1239,,
2018,biomass_forecast,1240,,
2018,biomass_forecast,1241,,
2018,biomass_forecast,1242,,
2018,biomass_forecast,1243,,
2018,biomass_forecast,1244,,
2018,biomass_forecast,1245,,
2018,biomass_forecast,1246,,
2018,biomass_forecast,1247,,
2018,biomass_forecast,1248,,
2018,biomass_forecast,1249,,
2018,biomass_forecast,1250,,
2018,biomass_forecast,1251,,
2018,biomass_forecast,1252,,
2018,biomass_forecast,1253,,
2018,biomass_forecast,1254,,
2018,biomass_forecast,1255,,
2018,biomass_forecast,1256,,
2018,biomass_forecast,1257,,
2018,biomass_forecast,1258,,
2018,biomass_forecast,1259,,
2018,biomass_forecast,1260,,
2018,biomass_forecast,1261,,
2018,biomass_forecast,1262,,
2018,biomass_forecast,1263,,
2018,biomass_forecast,1264,,
2018,biomass_forecast,1265,,
2018,biomass_forecast,1266,,
2018,biomass_forecast,1267,,
2018,biomass_forecast,1268,,
2018,biomass_forecast,1269,,
2018,biomass_forecast,1270,,
2018,biomass_forecast,1271,,
2018,biomass_forecast,1272,,
2018,biomass_forecast,1273,,
2018,biomass_forecast,1274,,
2018,biomass_forecast,1275,,
2018,biomass_forecast,1276,,
2018,biomass_forecast,1277,,
2018,biomass_forecast,1278,,
2018,biomass_forecast,1279,,
2018,biomass_forecast,1280,,
2018,biomass_forecast,1281,,
2018,biomass_forecast,1282,,
2018,biomass_forecast,1283,,
2018,biomass_forecast,1284,,
2018,biomass_forecast,1285,,
2018,biomass_forecast,1286,,
2018,biomass_forecast,1287,,
2018,biomass_forecast,1288,,
2018,biomass_forecast,1289,,
2018,biomass_forecast,1290,,
2018,biomass_forecast,1291,,
2018,biomass_forecast,1292,,
2018,biomass_forecast,1293,,
2018,biomass_forecast,1294,,
2018,biomass_forecast,1295,,
2018,biomass_forecast,1296,,
2018,biomass_forecast,1297,,
2018,biomass_forecast,1298,,
2018,biomass_forecast,1299,,
2018,biomass_forecast,1300,,
2018,biomass_forecast,1301,,
2018,biomass_forecast,1302,,
2018,biomass_forecast,1303,,
2018,biomass_forecast,1304,,
2018,biomass_forecast,1305,,
2018,biomass_forecast,1306,,
2018,biomass_forecast,1307,,
2018,biomass_forecast,1308,,
2018,biomass_forecast,1309,,
2018,biomass_forecast,1310,,
2018,biomass_forecast,1311,,
2018,biomass_forecast,1312,,
2018,biomass_forecast,1313,,
2018,biomass_forecast,1314,,
2018,biomass_forecast,1315,,
2018,biomass_forecast,1316,,
2018,biomass_forecast,1317,,
2018,biomass_forecast,1318,,
2018,biomass_forecast,1319,,
2018,biomass_forecast,1320,,
2018,biomass_forecast,1321,,
2018,biomass_forecast,1322,,
2018,biomass_forecast,1323,,
2018,biomass_forecast,1324,,
2018,biomass_forecast,1325,,
2018,biomass_forecast,1326,,
2018,biomass_forecast,1327,,
2018,biomass_forecast,1328,,
2018,biomass_forecast,1329,,
2018,biomass_forecast,1330,,
2018,biomass_forecast,1331,,
2018,biomass_forecast,1332,,
2018,biomass_forecast,1333,,
2018,biomass_forecast,1334,,
2018,biomass_forecast,1335,,
2018,biomass_forecast,1336,,
2018,biomass_forecast,1337,,
2018,biomass_forecast,1338,,
2018,biomass_forecast,1339,,
2018,biomass_forecast,1340,,
2018,biomass_forecast,1341,,
2018,biomass_forecast,1342,,
2018,biomass_forecast,1343,,
2018,biomass_forecast,1344,,
2018,biomass_forecast,1345,,
2018,biomass_forecast,1346,,
2018,biomass_forecast,1347,,
2018,biomass_forecast,1348,,
2018,biomass_forecast,1349,,
2018,biomass_forecast,1350,,
2018,biomass_forecast,1351,,
2018,biomass_forecast,1352,,
2018,biomass_forecast,1353,,
2018,biomass_forecast,1354,,
2018,biomass_forecast,1355,,
2018,biomass_forecast,1356,,
2018,biomass_forecast,1357,,
2018,biomass_forecast,1358,,
2018,biomass_forecast,1359,,
2018,biomass_forecast,1360,,
2018,biomass_forecast,1361,,
2018,biomass_forecast,1362,,
2018,biomass_forecast,1363,,
2018,biomass_forecast,1364,,
2018,biomass_forecast,1365,,
2018,biomass_forecast,1366,,
2018,biomass_forecast,1367,,
2018,biomass_forecast,1368,,
2018,biomass_forecast,1369,,
2018,biomass_forecast,1370,,
2018,biomass_forecast,1371,,
2018,biomass_forecast,1372,,
2018,biomass_forecast,1373,,
2018,biomass_forecast,1374,,
2018,biomass_forecast,1375,,
2018,biomass_forecast,1376,,
2018,biomass_forecast,1377,,
2018,biomass_forecast,1378,,
2018,biomass_forecast,1379,,
2018,biomass_forecast,1380,,
2018,biomass_forecast,1381,,
2018,biomass_forecast,1382,,
2018,biomass_forecast,1383,,
2018,biomass_forecast,1384,,
2018,biomass_forecast,1385,,
2018,biomass_forecast,1386,,
2018,biomass_forecast,1387,,
2018,biomass_forecast,1388,,
2018,biomass_forecast,1389,,
2018,biomass_forecast,1390,,
2018,biomass_forecast,1391,,
2018,biomass_forecast,1392,,
2018,biomass_forecast,1393,,
2018,biomass_forecast,1394,,
2018,biomass_forecast,1395,,
2018,biomass_forecast,1396,,
2018,biomass_forecast,1397,,
2018,biomass_forecast,1398,,
2018,biomass_forecast,1399,,
2018,biomass_forecast,1400,,
2018,biomass_forecast,1401,,
2018,biomass_forecast,1402,,
2018,biomass_forecast,1403,,
2018,biomass_forecast,1404,,
2018,biomass_forecast,1405,,
2018,biomass_forecast,1406,,
2018,biomass_forecast,1407,,
2018,biomass_forecast,1408,,
2018,biomass_forecast,1409,,
2018,biomass_forecast,1410,,
2018,biomass_forecast,1411,,
2018,biomass_forecast,1412,,
2018,biomass_forecast,1413,,
2018,biomass_forecast,1414,,
2018,biomass_forecast,1415,,
2018,biomass_forecast,1416,,
2018,biomass_forecast,1417,,
2018,biomass_forecast,1418,,
2018,biomass_forecast,1419,,
2018,biomass_forecast,1420,,
2018,biomass_forecast,1421,,
2018,biomass_forecast,1422,,
2018,biomass_forecast,1423,,
2018,biomass_forecast,1424,,
2018,biomass_forecast,1425,,
2018,biomass_forecast,1426,,
2018,biomass_forecast,1427,,
2018,biomass_forecast,1428,,
2018,biomass_forecast,1429,,
2018,biomass_forecast,1430,,
2018,biomass_forecast,1431,,
2018,biomass_forecast,1432,,
2018,biomass_forecast,1433,,
2018,biomass_forecast,1434,,
2018,biomass_forecast,1435,,
2018,biomass_forecast,1436,,
2018,biomass_forecast,1437,,
2018,biomass_forecast,1438,,
2018,biomass_forecast,1439,,
2018,biomass_forecast,1440,,
2018,biomass_forecast,1441,,
2018,biomass_forecast,1442,,
2018,biomass_forecast,1443,,
2018,biomass_forecast,1444,,
2018,biomass_forecast,1445,,
2018,biomass_forecast,1446,,
2018,biomass_forecast,1447,,
2018,biomass_forecast,1448,,
2018,biomass_forecast,1449,,
2018,biomass_forecast,1450,,
2018,biomass_forecast,1451,,
2018,biomass_forecast,1452,,
2018,biomass_forecast,1453,,
2018,biomass_forecast,1454,,
2018,biomass_forecast,1455,,
2018,biomass_forecast,1456,,
2018,biomass_forecast,1457,,
2018,biomass_forecast,1458,,
2018,biomass_forecast,1459,,
2018,biomass_forecast,1460,,
2018,biomass_forecast,1461,,
2018,biomass_forecast,1462,,
2018,biomass_forecast,1463,,
2018,biomass_forecast,1464,,
2018,biomass_forecast,1465,,
2018,biomass_forecast,1466,,
2018,biomass_forecast,1467,,
2018,biomass_forecast,1468,,
2018,biomass_forecast,1469,,
2018,biomass_forecast,1470,,
2018,biomass_forecast,1471,,
2018,biomass_forecast,1472,,
2018,biomass_forecast,1473,,
2018,biomass_forecast,1474,,
2018,biomass_forecast,1475,,
2018,biomass_forecast,1476,,
2018,biomass_forecast,1477,,
2018,biomass_forecast,1478,,
2018,biomass_forecast,1479,,
2018,biomass_forecast,1480,,
2018,biomass_forecast,1481,,
2018,biomass_forecast,1482,,
2018,biomass_forecast,1483,,
2018,biomass_forecast,1484,,
2018,biomass_forecast,1485,,
2018,biomass_forecast,1486,,
2018,biomass_forecast,1487,,
2018,biomass_forecast,1488,,
2018,biomass_forecast,1489,,
2018,biomass_forecast,1490,,
2018,biomass_forecast,1491,,
2018,biomass_forecast,1492,,
2018,biomass_forecast,1493,,
2018,biomass_forecast,1494,,
2018,biomass_forecast,1495,,
2018,biomass_forecast,1496,,
2018,biomass_forecast,1497,,
2018,biomass_forecast,1498,,
2018,biomass_forecast,1499,,
2018,biomass_forecast,1500,,
2018,biomass_forecast,1501,,
2018,biomass_forecast,1502,,
2018,biomass_forecast,1503,,
2018,biomass_forecast,1504,,
2018,biomass_forecast,1505,,
2018,biomass_forecast,1506,,
2018,biomass_forecast,1507,,
2018,biomass_forecast,1508,,
2018,biomass_forecast,1509,,
2018,biomass_forecast,1510,,
2018,biomass_forecast,1511,,
2018,biomass_forecast,1512,,
2018,biomass_forecast,1513,,
2018,biomass_forecast,1514,,
2018,biomass_forecast,1515,,
2018,biomass_forecast,1516,,
2018,biomass_forecast,1517,,
2018,biomass_forecast,1518,,
2018,biomass_forecast,1519,,
2018,biomass_forecast,1520,,
2018,biomass_forecast,1521,,
2018,biomass_forecast,1522,,
2018,biomass_forecast,1523,,
2018,biomass_forecast,1524,,
2018,biomass_forecast,1525,,
2018,biomass_forecast,1526,,
2018,biomass_forecast,1527,,
2018,biomass_forecast,1528,,
2018,biomass_forecast,1529,,
2018,biomass_forecast,1530,,
2018,biomass_forecast,1531,,
2018,biomass_forecast,1532,,
2018,biomass_forecast,1533,,
2018,biomass_forecast,1534,,
2018,biomass_forecast,1535,,
2018,biomass_forecast,1536,,
2018,biomass_forecast,1537,,
2018,biomass_forecast,1538,,
2018,biomass_forecast,1539,,
2018,biomass_forecast,1540,,
2018,biomass_forecast,1541,,
2018,biomass_forecast,1542,,
2018,biomass_forecast,1543,,
2018,biomass_forecast,1544,,
2018,biomass_forecast,1545,,
2018,biomass_forecast,1546,,
2018,biomass_forecast,1547,,
2018,biomass_forecast,1548,,
2018,biomass_forecast,1549,,
2018,biomass_forecast,1550,,
2018,biomass_forecast,1551,,
2018,biomass_forecast,1552,,
2018,biomass_forecast,1553,,
2018,biomass_forecast,1554,,
2018,biomass_forecast,1555,,
2018,biomass_forecast,1556,,
2018,biomass_forecast,1557,,
2018,biomass_forecast,1558,,
2018,biomass_forecast,1559,,
2018,biomass_forecast,1560,,
2018,biomass_forecast,1561,,
2018,biomass_forecast,1562,,
2018,biomass_forecast,1563,,
2018,biomass_forecast,1564,,
2018,biomass_forecast,1565,,
2018,biomass_forecast,1566,,
2018,biomass_forecast,1567,,
2018,biomass_forecast,1568,,
2018,biomass_forecast,1569,,
2018,biomass_forecast,1570,,
2018,biomass_forecast,1571,,
2018,biomass_forecast,1572,,
2018,biomass_forecast,1573,,
2018,biomass_forecast,1574,,
2018,biomass_forecast,1575,,
2018,biomass_forecast,1576,,
2018,biomass_forecast,1577,,
2018,biomass_forecast,1578,,
2018,biomass_forecast,1579,,
2018,biomass_forecast,1580,,
2018,biomass_forecast,1581,,
2018,biomass_forecast,1582,,
2018,biomass_forecast,1583,,
2018,biomass_forecast,1584,,
2018,biomass_forecast,1585,,
2018,biomass_forecast,1586,,
2018,biomass_forecast,1587,,
2018,biomass_forecast,1588,,
2018,biomass_forecast,1589,,
2018,biomass_forecast,1590,,
2018,biomass_forecast,1591,,
2018,biomass_forecast,1592,,
2018,biomass_forecast,1593,,
2018,biomass_forecast,1594,,
2018,biomass_forecast,1595,,
2018,biomass_forecast,1596,,
2018,biomass_forecast,1597,,
2018,biomass_forecast,1598,,
2018,biomass_forecast,1599,,
2018,biomass_forecast,1600,,
2018,biomass_forecast,1601,,
2018,biomass_forecast,1602,,
2018,biomass_forecast,1603,,
2018,biomass_forecast,1604,,
2018,biomass_forecast,1605,,
2018,biomass_forecast,1606,,
2018,biomass_forecast,1607,,
2018,biomass_forecast,1608,,
2018,biomass_forecast,1609,,
2018,biomass_forecast,1610,,
2018,biomass_forecast,1611,,
2018,biomass_forecast,1612,,
2018,biomass_forecast,1613,,
2018,biomass_forecast,1614,,
2018,biomass_forecast,1615,,
2018,biomass_forecast,1616,,
2018,biomass_forecast,1617,,
2018,biomass_forecast,1618,,
2018,biomass_forecast,1619,,
2018,biomass_forecast,1620,,
2018,biomass_forecast,1621,,
2018,biomass_forecast,1622,,
2018,biomass_forecast,1623,,
2018,biomass_forecast,1624,,
2018,biomass_forecast,1625,,
2018,biomass_forecast,1626,,
2018,biomass_forecast,1627,,
2018,biomass_forecast,1628,,
2018,biomass_forecast,1629,,
2018,biomass_forecast,1630,,
2018,biomass_forecast,1631,,
2018,biomass_forecast,1632,,
2018,biomass_forecast,1633,,
2018,biomass_forecast,1634,,
2018,biomass_forecast,1635,,
2018,biomass_forecast,1636,,
2018,biomass_forecast,1637,,
2018,biomass_forecast,1638,,
2018,biomass_forecast,1639,,
2018,biomass_forecast,1640,,
2018,biomass_forecast,1641,,
2018,biomass_forecast,1642,,
2018,biomass_forecast,1643,,
2018,biomass_forecast,1644,,
2018,biomass_forecast,1645,,
2018,biomass_forecast,1646,,
2018,biomass_forecast,1647,,
2018,biomass_forecast,1648,,
2018,biomass_forecast,1649,,
2018,biomass_forecast,1650,,
2018,biomass_forecast,1651,,
2018,biomass_forecast,1652,,
2018,biomass_forecast,1653,,
2018,biomass_forecast,1654,,
2018,biomass_forecast,1655,,
2018,biomass_forecast,1656,,
2018,biomass_forecast,1657,,
2018,biomass_forecast,1658,,
2018,biomass_forecast,1659,,
2018,biomass_forecast,1660,,
2018,biomass_forecast,1661,,
2018,biomass_forecast,1662,,
2018,biomass_forecast,1663,,
2018,biomass_forecast,1664,,
2018,biomass_forecast,1665,,
2018,biomass_forecast,1666,,
2018,biomass_forecast,1667,,
2018,biomass_forecast,1668,,
2018,biomass_forecast,1669,,
2018,biomass_forecast,1670,,
2018,biomass_forecast,1671,,
2018,biomass_forecast,1672,,
2018,biomass_forecast,1673,,
2018,biomass_forecast,1674,,
2018,biomass_forecast,1675,,
2018,biomass_forecast,1676,,
2018,biomass_forecast,1677,,
2018,biomass_forecast,1678,,
2018,biomass_forecast,1679,,
2018,biomass_forecast,1680,,
2018,biomass_forecast,1681,,
2018,biomass_forecast,1682,,
2018,biomass_forecast,1683,,
2018,biomass_forecast,1684,,
2018,biomass_forecast,1685,,
2018,biomass_forecast,1686,,
2018,biomass_forecast,1687,,
2018,biomass_forecast,1688,,
2018,biomass_forecast,1689,,
2018,biomass_forecast,1690,,
2018,biomass_forecast,1691,,
2018,biomass_forecast,1692,,
2018,biomass_forecast,1693,,
2018,biomass_forecast,1694,,
2018,biomass_forecast,1695,,
2018,biomass_forecast,1696,,
2018,biomass_forecast,1697,,
2018,biomass_forecast,1698,,
2018,biomass_forecast,1699,,
2018,biomass_forecast,1700,,
2018,biomass_forecast,1701,,
2018,biomass_forecast,1702,,
2018,biomass_forecast,1703,,
2018,biomass_forecast,1704,,
2018,biomass_forecast,1705,,
2018,biomass_forecast,1706,,
2018,biomass_forecast,1707,,
2018,biomass_forecast,1708,,
2018,biomass_forecast,1709,,
2018,biomass_forecast,1710,,
2018,biomass_forecast,1711,,
2018,biomass_forecast,1712,,
2018,biomass_forecast,1713,,
2018,biomass_forecast,1714,,
2018,biomass_forecast,1715,,
2018,biomass_forecast,1716,,
2018,biomass_forecast,1717,,
2018,biomass_forecast,1718,,
2018,biomass_forecast,1719,,
2018,biomass_forecast,1720,,
2018,biomass_forecast,1721,,
2018,biomass_forecast,1722,,
2018,biomass_forecast,1723,,
2018,biomass_forecast,1724,,
2018,biomass_forecast,1725,,
2018,biomass_forecast,1726,,
2018,biomass_forecast,1727,,
2018,biomass_forecast,1728,,
2018,biomass_forecast,1729,,
2018,biomass_forecast,1730,,
2018,biomass_forecast,1731,,
2018,biomass_forecast,1732,,
2018,biomass_forecast,1733,,
2018,biomass_forecast,1734,,
2018,biomass_forecast,1735,,
2018,biomass_forecast,1736,,
2018,biomass_forecast,1737,,
2018,biomass_forecast,1738,,
2018,biomass_forecast,1739,,
2018,biomass_forecast,1740,,
2018,biomass_forecast,1741,,
2018,biomass_forecast,1742,,
2018,biomass_forecast,1743,,
2018,biomass_forecast,1744,,
2018,biomass_forecast,1745,,
2018,biomass_forecast,1746,,
2018,biomass_forecast,1747,,
2018,biomass_forecast,1748,,
2018,biomass_forecast,1749,,
2018,biomass_forecast,1750,,
2018,biomass_forecast,1751,,
2018,biomass_forecast,1752,,
2018,biomass_forecast,1753,,
2018,biomass_forecast,1754,,
2018,biomass_forecast,1755,,
2018,biomass_forecast,1756,,
2018,biomass_forecast,1757,,
2018,biomass_forecast,1758,,
2018,biomass_forecast,1759,,
2018,biomass_forecast,1760,,
2018,biomass_forecast,1761,,
2018,biomass_forecast,1762,,
2018,biomass_forecast,1763,,
2018,biomass_forecast,1764,,
2018,biomass_forecast,1765,,
2018,biomass_forecast,1766,,
2018,biomass_forecast,1767,,
2018,biomass_forecast,1768,,
2018,biomass_forecast,1769,,
2018,biomass_forecast,1770,,
2018,biomass_forecast,1771,,
2018,biomass_forecast,1772,,
2018,biomass_forecast,1773,,
2018,biomass_forecast,1774,,
2018,biomass_forecast,1775,,
2018,biomass_forecast,1776,,
2018,biomass_forecast,1777,,
2018,biomass_forecast,1778,,
2018,biomass_forecast,1779,,
2018,biomass_forecast,1780,,
2018,biomass_forecast,1781,,
2018,biomass_forecast,1782,,
2018,biomass_forecast,1783,,
2018,biomass_forecast,1784,,
2018,biomass_forecast,1785,,
2018,biomass_forecast,1786,,
2018,biomass_forecast,1787,,
2018,biomass_forecast,1788,,
2018,biomass_forecast,1789,,
2018,biomass_forecast,1790,,
2018,biomass_forecast,1791,,
2018,biomass_forecast,1792,,
2018,biomass_forecast,1793,,
2018,biomass_forecast,1794,,
2018,biomass_forecast,1795,,
2018,biomass_forecast,1796,,
2018,biomass_forecast,1797,,
2018,biomass_forecast,1798,,
2018,biomass_forecast,1799,,
2018,biomass_forecast,1800,,
2018,biomass_forecast,1801,,
2018,biomass_forecast,1802,,
2018,biomass_forecast,1803,,
2018,biomass_forecast,1804,,
2018,biomass_forecast,1805,,
2018,biomass_forecast,1806,,
2018,biomass_forecast,1807,,
2018,biomass_forecast,1808,,
2018,biomass_forecast,1809,,
2018,biomass_forecast,1810,,
2018,biomass_forecast,1811,,
2018,biomass_forecast,1812,,
2018,biomass_forecast,1813,,
2018,biomass_forecast,1814,,
2018,biomass_forecast,1815,,
2018,biomass_forecast,1816,,
2018,biomass_forecast,1817,,
2018,biomass_forecast,1818,,
2018,biomass_forecast,1819,,
2018,biomass_forecast,1820,,
2018,biomass_forecast,1821,,
2018,biomass_forecast,1822,,
2018,biomass_forecast,1823,,
2018,biomass_forecast,1824,,
2018,biomass_forecast,1825,,
2018,biomass_forecast,1826,,
2018,biomass_forecast,1827,,
2018,biomass_forecast,1828,,
2018,biomass_forecast,1829,,
2018,biomass_forecast,1830,,
2018,biomass_forecast,1831,,
2018,biomass_forecast,1832,,
2018,biomass_forecast,1833,,
2018,biomass_forecast,1834,,
2018,biomass_forecast,1835,,
2018,biomass_forecast,1836,,
2018,biomass_forecast,1837,,
2018,biomass_forecast,1838,,
2018,biomass_forecast,1839,,
2018,biomass_forecast,1840,,
2018,biomass_forecast,1841,,
2018,biomass_forecast,1842,,
2018,biomass_forecast,1843,,
2018,biomass_forecast,1844,,
2018,biomass_forecast,1845,,
2018,biomass_forecast,1846,,
2018,biomass_forecast,1847,,
2018,biomass_forecast,1848,,
2018,biomass_forecast,1849,,
2018,biomass_forecast,1850,,
2018,biomass_forecast,1851,,
2018,biomass_forecast,1852,,
2018,biomass_forecast,1853,,
2018,biomass_forecast,1854,,
2018,biomass_forecast,1855,,
2018,biomass_forecast,1856,,
2018,biomass_forecast,1857,,
2018,biomass_forecast,1858,,
2018,biomass_forecast,1859,,
2018,biomass_forecast,1860,,
2018,biomass_forecast,1861,,
2018,biomass_forecast,1862,,
2018,biomass_forecast,1863,,
2018,biomass_forecast,1864,,
2018,biomass_forecast,1865,,
2018,biomass_forecast,1866,,
2018,biomass_forecast,1867,,
2018,biomass_forecast,1868,,
2018,biomass_forecast,1869,,
2018,biomass_forecast,1870,,
2018,biomass_forecast,1871,,
2018,biomass_forecast,1872,,
2018,biomass_forecast,1873,,
2018,biomass_forecast,1874,,
2018,biomass_forecast,1875,,
2018,biomass_forecast,1876,,
2018,biomass_forecast,1877,,
2018,biomass_forecast,1878,,
2018,biomass_forecast,1879,,
2018,biomass_forecast,1880,,
2018,biomass_forecast,1881,,
2018,biomass_forecast,1882,,
2018,biomass_forecast,1883,,
2018,biomass_forecast,1884,,
2018,biomass_forecast,1885,,
2018,biomass_forecast,1886,,
2018,biomass_forecast,1887,,
2018,biomass_forecast,1888,,
2018,biomass_forecast,1889,,
2018,biomass_forecast,1890,,
2018,biomass_forecast,1891,,
2018,biomass_forecast,1892,,
2018,biomass_forecast,1893,,
2018,biomass_forecast,1894,,
2018,biomass_forecast,1895,,
2018,biomass_forecast,1896,,
2018,biomass_forecast,1897,,
2018,biomass_forecast,1898,,
2018,biomass_forecast,1899,,
2018,biomass_forecast,1900,,
2018,biomass_forecast,1901,,
2018,biomass_forecast,1902,,
2018,biomass_forecast,1903,,
2018,biomass_forecast,1904,,
2018,biomass_forecast,1905,,
2018,biomass_forecast,1906,,
2018,biomass_forecast,1907,,
2018,biomass_forecast,1908,,
2018,biomass_forecast,1909,,
2018,biomass_forecast,1910,,
2018,biomass_forecast,1911,,
2018,biomass_forecast,1912,,
2018,biomass_forecast,1913,,
2018,biomass_forecast,1914,,
2018,biomass_forecast,1915,,
2018,biomass_forecast,1916,,
2018,biomass_forecast,1917,,
2018,biomass_forecast,1918,,
2018,biomass_forecast,1919,,
2018,biomass_forecast,1920,,
2018,biomass_forecast,1921,,
2018,biomass_forecast,1922,,
2018,biomass_forecast,1923,,
2018,biomass_forecast,1924,,
2018,biomass_forecast,1925,,
2018,biomass_forecast,1926,,
2018,biomass_forecast,1927,,
2018,biomass_forecast,1928,,
2018,biomass_forecast,1929,,
2018,biomass_forecast,1930,,
2018,biomass_forecast,1931,,
2018,biomass_forecast,1932,,
2018,biomass_forecast,1933,,
2018,biomass_forecast,1934,,
2018,biomass_forecast,1935,,
2018,biomass_forecast,1936,,
2018,biomass_forecast,1937,,
2018,biomass_forecast,1938,,
2018,biomass_forecast,1939,,
2018,biomass_forecast,1940,,
2018,biomass_forecast,1941,,
2018,biomass_forecast,1942,,
2018,biomass_forecast,1943,,
2018,biomass_forecast,1944,,
2018,biomass_forecast,1945,,
2018,biomass_forecast,1946,,
2018,biomass_forecast,1947,,
2018,biomass_forecast,1948,,
2018,biomass_forecast,1949,,
2018,biomass_forecast,1950,,
2018,biomass_forecast,1951,,
2018,biomass_forecast,1952,,
2018,biomass_forecast,1953,,
2018,biomass_forecast,1954,,
2018,biomass_forecast,1955,,
2018,biomass_forecast,1956,,
2018,biomass_forecast,1957,,
2018,biomass_forecast,1958,,
2018,biomass_forecast,1959,,
2018,biomass_forecast,1960,,
2018,biomass_forecast,1961,,
2018,biomass_forecast,1962,,
2018,biomass_forecast,1963,,
2018,biomass_forecast,1964,,
2018,biomass_forecast,1965,,
2018,biomass_forecast,1966,,
2018,biomass_forecast,1967,,
2018,biomass_forecast,1968,,
2018,biomass_forecast,1969,,
2018,biomass_forecast,1970,,
2018,biomass_forecast,1971,,
2018,biomass_forecast,1972,,
2018,biomass_forecast,1973,,
2018,biomass_forecast,1974,,
2018,biomass_forecast,1975,,
2018,biomass_forecast,1976,,
2018,biomass_forecast,1977,,
2018,biomass_forecast,1978,,
2018,biomass_forecast,1979,,
2018,biomass_forecast,1980,,
2018,biomass_forecast,1981,,
2018,biomass_forecast,1982,,
2018,biomass_forecast,1983,,
2018,biomass_forecast,1984,,
2018,biomass_forecast,1985,,
2018,biomass_forecast,1986,,
2018,biomass_forecast,1987,,
2018,biomass_forecast,1988,,
2018,biomass_forecast,1989,,
2018,biomass_forecast,1990,,
2018,biomass_forecast,1991,,
2018,biomass_forecast,1992,,
2018,biomass_forecast,1993,,
2018,biomass_forecast,1994,,
2018,biomass_forecast,1995,,
2018,biomass_forecast,1996,,
2018,biomass_forecast,1997,,
2018,biomass_forecast,1998,,
2018,biomass_forecast,1999,,
2018,biomass_forecast,2000,,
2018,biomass_forecast,2001,,
2018,biomass_forecast,2002,,
2018,biomass_forecast,2003,,
2018,biomass_forecast,2004,,
2018,biomass_forecast,2005,,
2018,biomass_forecast,2006,,
2018,biomass_forecast,2007,,
2018,biomass_forecast,2008,,
2018,biomass_forecast,2009,,
2018,biomass_forecast,2010,,
2018,biomass_forecast,2011,,
2018,biomass_forecast,2012,,
2018,biomass_forecast,2013,,
2018,biomass_forecast,2014,,
2018,biomass_forecast,2015,,
2018,biomass_forecast,2016,,
2018,biomass_forecast,2017,,
2018,biomass_forecast,2018,,
2018,biomass_forecast,2019,,
2018,biomass_forecast,2020,,
2018,biomass_forecast,2021,,
2018,biomass_forecast,2022,,
2018,biomass_forecast,2023,,
2018,biomass_forecast,2024,,
2018,biomass_forecast,2025,,
2018,biomass_forecast,2026,,
2018,biomass_forecast,2027,,
2018,biomass_forecast,2028,,
2018,biomass_forecast,2029,,
2018,biomass_forecast,2030,,
2018,biomass_forecast,2031,,
2018,biomass_forecast,2032,,
2018,biomass_forecast,2033,,
2018,biomass_forecast,2034,,
2018,biomass_forecast,2035,,
2018,biomass_forecast,2036,,
2018,biomass_forecast,2037,,
2018,biomass_forecast,2038,,
2018,biomass_forecast,2039,,
2018,biomass_forecast,2040,,
2018,biomass_forecast,2041,,
2018,biomass_forecast,2042,,
2018,biomass_forecast,2043,,
2018,biomass_forecast,2044,,
2018,biomass_forecast,2045,,
2018,biomass_forecast,2046,,
2018,biomass_forecast,2047,,
2018,biomass_forecast,2048,,
2018,biomass_forecast,2049,,
2018,biomass_forecast,2050,,
2018,biomass_forecast,2051,,
2018,biomass_forecast,2052,,
2018,biomass_forecast,2053,,
2018,biomass_forecast,2054,,
2018,biomass_forecast,2055,,
2018,biomass_forecast,2056,,
2018,biomass_forecast,2057,,
2018,biomass_forecast,2058,,
2018,biomass_forecast,2059,,
2018,biomass_forecast,2060,,
2018,biomass_forecast,2061,,
2018,biomass_forecast,2062,,
2018,biomass_forecast,2063,,
2018,biomass_forecast,2064,,
2018,biomass_forecast,2065,,
2018,biomass_forecast,2066,,
2018,biomass_forecast,2067,,
2018,biomass_forecast,2068,,
2018,biomass_forecast,2069,,
2018,biomass_forecast,2070,,
2018,biomass_forecast,2071,,
2018,biomass_forecast,2072,,
2018,biomass_forecast,2073,,
2018,biomass_forecast,2074,,
2018,biomass_forecast,2075,,
2018,biomass_forecast,2076,,
2018,biomass_forecast,2077,,
2018,biomass_forecast,2078,,
2018,biomass_forecast,2079,,
2018,biomass_forecast,2080,,
2018,biomass_forecast,2081,,
2018,biomass_forecast,2082,,
2018,biomass_forecast,2083,,
2018,biomass_forecast,2084,,
2018,biomass_forecast,2085,,
2018,biomass_forecast,2086,,
2018,biomass_forecast,2087,,
2018,biomass_forecast,2088,,
2018,biomass_forecast,2089,,
2018,biomass_forecast,2090,,
2018,biomass_forecast,2091,,
2018,biomass_forecast,2092,,
2018,biomass_forecast,2093,,
2018,biomass_forecast,2094,,
2018,biomass_forecast,2095,,
2018,biomass_forecast,2096,,
2018,biomass_forecast,2097,,
2018,biomass_forecast,2098,,
2018,biomass_forecast,2099,,
2018,biomass_forecast,2100,,
2018,biomass_forecast,2101,,
2018,biomass_forecast,2102,,
2018,biomass_forecast,2103,,
2018,biomass_forecast,2104,,
2018,biomass_forecast,2105,,
2018,biomass_forecast,2106,,
2018,biomass_forecast,2107,,
2018,biomass_forecast,2108,,
2018,biomass_forecast,2109,,
2018,biomass_forecast,2110,,
2018,biomass_forecast,2111,,
2018,biomass_forecast,2112,,
2018,biomass_forecast,2113,,
2018,biomass_forecast,2114,,
2018,biomass_forecast,2115,,
2018,biomass_forecast,2116,,
2018,biomass_forecast,2117,,
2018,biomass_forecast,2118,,
2018,biomass_forecast,2119,,
2018,biomass_forecast,2120,,
2018,biomass_forecast,2121,,
2018,biomass_forecast,2122,,
2018,biomass_forecast,2123,,
2018,biomass_forecast,2124,,
2018,biomass_forecast,2125,,
2018,biomass_forecast,2126,,
2018,biomass_forecast,2127,,
2018,biomass_forecast,2128,,
2018,biomass_forecast,2129,,
2018,biomass_forecast,2130,,
2018,biomass_forecast,2131,,
2018,biomass_forecast,2132,,
2018,biomass_forecast,2133,,
2018,biomass_forecast,2134,,
2018,biomass_forecast,2135,,
2018,biomass_forecast,2136,,
2018,biomass_forecast,2137,,
2018,biomass_forecast,2138,,
2018,biomass_forecast,2139,,
2018,biomass_forecast,2140,,
2018,biomass_forecast,2141,,
2018,biomass_forecast,2142,,
2018,biomass_forecast,2143,,
2018,biomass_forecast,2144,,
2018,biomass_forecast,2145,,
2018,biomass_forecast,2146,,
2018,biomass_forecast,2147,,
2018,biomass_forecast,2148,,
2018,biomass_forecast,2149,,
2018,biomass_forecast,2150,,
2018,biomass_forecast,2151,,
2018,biomass_forecast,2152,,
2018,biomass_forecast,2153,,
2018,biomass_forecast,2154,,
2018,biomass_forecast,2155,,
2018,biomass_forecast,2156,,
2018,biomass_forecast,2157,,
2018,biomass_forecast,2158,,
2018,biomass_forecast,2159,,
2018,biomass_forecast,2160,,
2018,biomass_forecast,2161,,
2018,biomass_forecast,2162,,
2018,biomass_forecast,2163,,
2018,biomass_forecast,2164,,
2018,biomass_forecast,2165,,
2018,biomass_forecast,2166,,
2018,biomass_forecast,2167,,
2018,biomass_forecast,2168,,
2018,biomass_forecast,2169,,
2018,biomass_forecast,2170,,
2018,biomass_forecast,2171,,
2018,biomass_forecast,2172,,
2018,biomass_forecast,2173,,
2018,biomass_forecast,2174,,
2018,biomass_forecast,2175,,
2018,biomass_forecast,2176,,
2018,biomass_forecast,2177,,
2018,biomass_forecast,2178,,
2018,biomass_forecast,2179,,
2018,biomass_forecast,2180,,
2018,biomass_forecast,2181,,
2018,biomass_forecast,2182,,
2018,biomass_forecast,2183,,
2018,biomass_forecast,2184,,
2018,biomass_forecast,2185,,
2018,biomass_forecast,2186,,
2018,biomass_forecast,2187,,
2018,biomass_forecast,2188,,
2018,biomass_forecast,2189,,
2018,biomass_forecast,2190,,
2018,biomass_forecast,2191,,
2018,biomass_forecast,2192,,
2018,biomass_forecast,2193,,
2018,biomass_forecast,2194,,
2018,biomass_forecast,2195,,
2018,biomass_forecast,2196,,
2018,biomass_forecast,2197,,
2018,biomass_forecast,2198,,
2018,biomass_forecast,2199,,
2018,biomass_forecast,2200,,
2018,biomass_forecast,2201,,
2018,biomass_forecast,2202,,
2018,biomass_forecast,2203,,
2018,biomass_forecast,2204,,
2018,biomass_forecast,2205,,
2018,biomass_forecast,2206,,
2018,biomass_forecast,2207,,
2018,biomass_forecast,2208,,
2018,biomass_forecast,2209,,
2018,biomass_forecast,2210,,
2018,biomass_forecast,2211,,
2018,biomass_forecast,2212,,
2018,biomass_forecast,2213,,
2018,biomass_forecast,2214,,
2018,biomass_forecast,2215,,
2018,biomass_forecast,2216,,
2018,biomass_forecast,2217,,
2018,biomass_forecast,2218,,
2018,biomass_forecast,2219,,
2018,biomass_forecast,2220,,
2018,biomass_forecast,2221,,
2018,biomass_forecast,2222,,
2018,biomass_forecast,2223,,
2018,biomass_forecast,2224,,
2018,biomass_forecast,2225,,
2018,biomass_forecast,2226,,
2018,biomass_forecast,2227,,
2018,biomass_forecast,2228,,
2018,biomass_forecast,2229,,
2018,biomass_forecast,2230,,
2018,biomass_forecast,2231,,
2018,biomass_forecast,2232,,
2018,biomass_forecast,2233,,
2018,biomass_forecast,2234,,
2018,biomass_forecast,2235,,
2018,biomass_forecast,2236,,
2018,biomass_forecast,2237,,
2018,biomass_forecast,2238,,
2018,biomass_forecast,2239,,
2018,biomass_forecast,2240,,
2018,biomass_forecast,2241,,
2018,biomass_forecast,2242,,
2018,biomass_forecast,2243,,
2018,biomass_forecast,2244,,
2018,biomass_forecast,2245,,
2018,biomass_forecast,2246,,
2018,biomass_forecast,2247,,
2018,biomass_forecast,2248,,
2018,biomass_forecast,2249,,
2018,biomass_forecast,2250,,
2018,biomass_forecast,2251,,
2018,biomass_forecast,2252,,
2018,biomass_forecast,2253,,
2018,biomass_forecast,2254,,
2018,biomass_forecast,2255,,
2018,biomass_forecast,2256,,
2018,biomass_forecast,2257,,
2018,biomass_forecast,2258,,
2018,biomass_forecast,2259,,
2018,biomass_forecast,2260,,
2018,biomass_forecast,2261,,
2018,biomass_forecast,2262,,
2018,biomass_forecast,2263,,
2018,biomass_forecast,2264,,
2018,biomass_forecast,2265,,
2018,biomass_forecast,2266,,
2018,biomass_forecast,2267,,
2018,biomass_forecast,2268,,
2018,biomass_forecast,2269,,
2018,biomass_forecast,2270,,
2018,biomass_forecast,2271,,
2018,biomass_forecast,2272,,
2018,biomass_forecast,2273,,
2018,biomass_forecast,2274,,
2018,biomass_forecast,2275,,
2018,biomass_forecast,2276,,
2018,biomass_forecast,2277,,
2018,biomass_forecast,2278,,
2018,biomass_forecast,2279,,
2018,biomass_forecast,2280,,
2018,biomass_forecast,2281,,
2018,biomass_forecast,2282,,
2018,biomass_forecast,2283,,
2018,biomass_forecast,2284,,
2018,biomass_forecast,2285,,
2018,biomass_forecast,2286,,
2018,biomass_forecast,2287,,
2018,biomass_forecast,2288,,
2018,biomass_forecast,2289,,
2018,biomass_forecast,2290,,
2018,biomass_forecast,2291,,
2018,biomass_forecast,2292,,
2018,biomass_forecast,2293,,
2018,biomass_forecast,2294,,
2018,biomass_forecast,2295,,
2018,biomass_forecast,2296,,
2018,biomass_forecast,2297,,
2018,biomass_forecast,2298,,
2018,biomass_forecast,2299,,
2018,biomass_forecast,2300,,
2018,biomass_forecast,2301,,
2018,biomass_forecast,2302,,
2018,biomass_forecast,2303,,
2018,biomass_forecast,2304,,
2018,biomass_forecast,2305,,
2018,biomass_forecast,2306,,
2018,biomass_forecast,2307,,
2018,biomass_forecast,2308,,
2018,biomass_forecast,2309,,
2018,biomass_forecast,2310,,
2018,biomass_forecast,2311,,
2018,biomass_forecast,2312,,
2018,biomass_forecast,2313,,
2018,biomass_forecast,2314,,
2018,biomass_forecast,2315,,
2018,biomass_forecast,2316,,
2018,biomass_forecast,2317,,
2018,biomass_forecast,2318,,
2018,biomass_forecast,2319,,
2018,biomass_forecast,2320,,
2018,biomass_forecast,2321,,
2018,biomass_forecast,2322,,
2018,biomass_forecast,2323,,
2018,biomass_forecast,2324,,
2018,biomass_forecast,2325,,
2018,biomass_forecast,2326,,
2018,biomass_forecast,2327,,
2018,biomass_forecast,2328,,
2018,biomass_forecast,2329,,
2018,biomass_forecast,2330,,
2018,biomass_forecast,2331,,
2018,biomass_forecast,2332,,
2018,biomass_forecast,2333,,
2018,biomass_forecast,2334,,
2018,biomass_forecast,2335,,
2018,biomass_forecast,2336,,
2018,biomass_forecast,2337,,
2018,biomass_forecast,2338,,
2018,biomass_forecast,2339,,
2018,biomass_forecast,2340,,
2018,biomass_forecast,2341,,
2018,biomass_forecast,2342,,
2018,biomass_forecast,2343,,
2018,biomass_forecast,2344,,
2018,biomass_forecast,2345,,
2018,biomass_forecast,2346,,
2018,biomass_forecast,2347,,
2018,biomass_forecast,2348,,
2018,biomass_forecast,2349,,
2018,biomass_forecast,2350,,
2018,biomass_forecast,2351,,
2018,biomass_forecast,2352,,
2018,biomass_forecast,2353,,
2018,biomass_forecast,2354,,
2018,biomass_forecast,2355,,
2018,biomass_forecast,2356,,
2018,biomass_forecast,2357,,
2018,biomass_forecast,2358,,
2018,biomass_forecast,2359,,
2018,biomass_forecast,2360,,
2018,biomass_forecast,2361,,
2018,biomass_forecast,2362,,
2018,biomass_forecast,2363,,
2018,biomass_forecast,2364,,
2018,biomass_forecast,2365,,
2018,biomass_forecast,2366,,
2018,biomass_forecast,2367,,
2018,biomass_forecast,2368,,
2018,biomass_forecast,2369,,
2018,biomass_forecast,2370,,
2018,biomass_forecast,2371,,
2018,biomass_forecast,2372,,
2018,biomass_forecast,2373,,
2018,biomass_forecast,2374,,
2018,biomass_forecast,2375,,
2018,biomass_forecast,2376,,
2018,biomass_forecast,2377,,
2018,biomass_forecast,2378,,
2018,biomass_forecast,2379,,
2018,biomass_forecast,2380,,
2018,biomass_forecast,2381,,
2018,biomass_forecast,2382,,
2018,biomass_forecast,2383,,
2018,biomass_forecast,2384,,
2018,biomass_forecast,2385,,
2018,biomass_forecast,2386,,
2018,biomass_forecast,2387,,
2018,biomass_forecast,2388,,
2018,biomass_forecast,2389,,
2018,biomass_forecast,2390,,
2018,biomass_forecast,2391,,
2018,biomass_forecast,2392,,
2018,biomass_forecast,2393,,
2018,biomass_forecast,2394,,
2018,biomass_forecast,2395,,
2018,biomass_forecast,2396,,
2018,biomass_forecast,2397,,
2018,biomass_forecast,2398,,
2018,biomass_forecast,2399,,
2018,biomass_forecast,2400,,
2018,biomass_forecast,2401,,
2018,biomass_forecast,2402,,
2018,biomass_forecast,2403,,
2018,biomass_forecast,2404,,
2018,biomass_forecast,2405,,
2018,biomass_forecast,2406,,
2018,biomass_forecast,2407,,
2018,biomass_forecast,2408,,
2018,biomass_forecast,2409,,
2018,biomass_forecast,2410,,
2018,biomass_forecast,2411,,
2018,biomass_forecast,2412,,
2018,biomass_forecast,2413,,
2018,biomass_forecast,2414,,
2018,biomass_forecast,2415,,
2018,biomass_forecast,2416,,
2018,biomass_forecast,2417,,
2018,biomass_demand_supply,125,200,4.3
2018,biomass_demand_supply,125,200,4.3
2018,biomass_demand_supply,125,200,4.3
2018,biomass_demand_supply,125,200,4.3
2018,biomass_demand_supply,125,200,4.3
2018,biomass_demand_supply,125,200,4.3
2018,biomass_demand_supply,125,200,4.3
2018,biomass_demand_supply,125,200,4.3
2018,biomass_demand_supply,125,200,4.3
2018,biomass_demand_supply,125,200,4.3
